<?xml version="1.0" encoding="utf-8"?>
<extensionset>
    <extension name="plg_system_copyproof_website" element="plg_system_copyproof_website">
        <name>System - CopyProof Website, Free Version</name>
        <description>Protect articles, news, blogs, or text content from thieves</description>
        <version>9.7</version>
        <downloads>
            <downloadurl type="full" format="zip">
                https://github.com/tawhidurrahmandear/copyproof-website/releases/download/v9.7/copyproof_website.zip
            </downloadurl>
        </downloads>
        <targetplatform name="joomla" version="4.x"/>
    </extension>
</extensionset>